Date,Magnitude,Depth_km,Latitude,Longitude,Ocean,Max_Wave_Height_m,Coastal_Distance_km,Tsunami_Occurrence
2002-11-20,8.4,14.1,12.72,92.49,Atlantic,6.79,381.6,1
1915-06-01,9.0,20.6,-51.1,-29.69,Arctic,7.68,12.7,1
1964-09-07,8.0,18.1,54.24,138.78,Atlantic,25.27,79.7,1
1971-03-22,7.4,24.0,3.77,-158.97,Southern,11.3,11.7,1
1916-08-27,9.1,6.4,23.14,-142.56,Indian,14.86,227.0,1
1956-04-24,8.2,1.5,-69.09,114.11,Southern,24.58,292.3,1
1937-09-11,8.7,7.2,-60.67,-20.59,Arctic,9.89,229.5,1
1989-07-30,9.2,10.1,64.92,139.32,Southern,6.1,360.9,1
1960-04-29,7.5,18.5,75.75,129.04,Southern,4.3,105.1,1
1935-05-08,8.6,15.4,-29.51,94.67,Pacific,19.56,112.8,1
1983-11-21,8.1,48.6,59.79,91.91,Atlantic,12.59,184.1,1
1998-04-25,9.2,29.2,63.06,101.17,Atlantic,5.75,218.8,1
1911-05-22,8.9,27.6,39.12,-143.39,Indian,19.41,376.0,1
1993-12-02,7.6,10.2,-52.38,-130.43,Pacific,15.21,36.7,1
2014-02-25,8.3,32.0,-31.22,148.7,Arctic,15.74,296.0,1
1963-10-29,7.1,1.1,81.4,-78.02,Arctic,1.64,400.5,1
1933-02-09,8.7,18.9,33.35,-126.1,Pacific,8.0,179.8,1
1931-07-29,7.7,27.0,-86.63,86.29,Southern,15.74,374.7,1
1976-01-29,7.8,19.4,-10.47,-156.34,Pacific,25.23,156.0,1
1968-04-18,8.6,29.9,-18.16,4.67,Pacific,15.17,80.2,1
1964-04-03,7.5,41.1,-76.55,-149.12,Atlantic,23.74,182.3,1
1915-03-24,8.2,33.7,-30.5,150.84,Southern,3.78,35.6,1
1952-07-15,8.1,3.2,10.99,126.29,Indian,20.89,200.2,1
1970-05-22,8.7,18.3,-7.38,152.8,Atlantic,27.92,13.0,1
1922-11-17,8.7,37.7,70.21,125.27,Indian,2.89,201.9,1
1971-03-23,7.1,26.9,30.8,162.04,Atlantic,10.92,368.1,1
1933-08-20,8.0,45.5,6.2,-71.8,Pacific,9.93,166.8,1
1909-02-02,8.0,25.1,-59.35,-169.89,Southern,26.54,473.6,1
1944-12-02,7.1,28.0,-57.84,120.79,Pacific,12.95,491.5,1
2018-09-11,7.6,29.6,61.53,130.42,Arctic,3.61,369.7,1
2008-11-15,7.0,15.9,6.24,-82.24,Arctic,6.02,148.1,1
1947-09-28,8.9,44.6,-22.85,-20.42,Southern,11.87,335.3,1
1946-01-24,8.9,37.6,6.0,153.75,Indian,6.35,29.8,1
1913-10-26,9.0,13.1,-56.44,-112.58,Arctic,6.7,423.6,1
1962-09-20,9.5,15.6,-58.62,-177.73,Arctic,16.13,201.3,1
2013-09-24,8.0,1.8,29.24,-158.27,Southern,23.43,250.0,1
1947-06-30,8.8,2.7,-73.48,52.68,Arctic,18.07,418.3,1
2009-05-29,9.4,32.8,-6.16,42.15,Indian,21.49,484.0,1
2015-07-11,9.4,18.2,13.99,29.24,Atlantic,25.43,483.8,1
1978-09-12,7.6,22.7,39.5,-43.62,Pacific,11.97,324.4,1
1949-11-11,7.8,23.7,24.89,151.65,Atlantic,10.35,51.6,1
2010-10-03,7.4,47.9,-74.76,159.38,Pacific,3.35,249.5,1
1954-08-06,7.6,31.2,-55.29,-129.24,Southern,28.36,421.3,1
2022-07-25,8.2,15.1,-71.34,0.96,Southern,13.57,14.6,1
1949-11-13,8.8,23.7,75.5,-1.64,Arctic,5.84,460.3,1
1999-09-10,8.0,26.4,-58.92,-174.16,Pacific,10.75,69.4,1
1947-11-18,7.9,41.5,87.48,9.47,Arctic,5.57,220.4,1
2006-07-29,8.7,17.8,-88.92,111.58,Arctic,19.93,31.2,1
1928-09-05,8.7,14.5,29.55,-77.81,Atlantic,27.7,379.7,1
1938-01-26,9.0,39.5,68.5,-45.03,Arctic,5.86,296.8,1
2001-09-08,9.3,32.0,49.7,-20.1,Southern,14.28,173.5,1
2020-06-01,9.5,17.0,44.11,162.61,Pacific,17.26,223.7,1
1901-07-19,8.1,31.4,48.23,-177.97,Atlantic,22.4,296.1,1
1927-01-07,9.2,19.0,29.9,139.25,Pacific,23.18,396.0,1
1919-08-17,7.5,32.4,69.41,66.99,Atlantic,24.88,464.1,1
1977-01-04,7.4,47.0,52.87,-68.0,Indian,16.48,216.6,1
1960-08-14,8.7,35.7,-2.89,-83.34,Southern,11.5,429.5,1
1910-03-03,8.1,6.6,-75.78,91.83,Indian,20.68,96.3,1
1904-03-30,8.2,33.8,-55.28,0.98,Indian,10.22,201.4,1
1952-12-20,8.4,43.1,83.92,94.05,Pacific,18.17,171.4,1
1949-12-15,7.4,23.6,75.4,-168.82,Pacific,16.07,122.0,1
1941-06-01,7.4,15.2,-83.83,84.98,Southern,27.82,324.4,1
1926-02-17,9.4,29.8,-30.68,73.36,Arctic,27.25,327.4,1
1992-05-26,9.0,24.5,-46.58,175.88,Pacific,27.63,400.1,1
2014-07-11,7.0,48.6,33.09,-101.53,Southern,20.32,35.0,1
2017-09-05,7.1,12.9,-52.96,29.79,Atlantic,22.77,438.3,1
1924-10-19,8.0,29.6,56.04,154.71,Atlantic,1.03,395.2,1
1939-12-17,7.2,1.1,-21.81,-10.27,Pacific,13.41,112.1,1
1932-04-22,7.5,1.5,-37.32,-66.96,Arctic,2.27,232.9,1
1973-09-17,7.9,8.1,70.01,140.6,Indian,16.99,360.0,1
1994-12-08,9.0,11.4,-9.3,-115.11,Atlantic,20.4,122.4,1
2008-05-13,9.1,4.6,23.24,-60.2,Atlantic,10.37,146.8,1
1980-01-15,9.0,44.2,45.36,107.72,Pacific,16.92,143.2,1
1936-09-20,8.8,30.9,-22.17,88.33,Indian,19.58,439.4,1
1995-12-13,8.9,46.9,-20.12,-29.38,Atlantic,14.2,490.2,1
1919-06-06,7.3,36.2,8.37,129.72,Arctic,2.8,49.6,1
1970-01-28,8.0,30.6,81.8,62.57,Southern,9.85,387.2,1
1936-04-12,7.5,11.6,-34.84,-124.02,Atlantic,29.48,247.1,1
1995-06-11,7.9,37.8,17.26,-163.74,Atlantic,15.16,477.0,1
1972-03-01,9.3,7.5,-61.58,-133.46,Indian,7.34,45.8,1
1925-01-17,7.3,12.7,-78.35,-165.15,Atlantic,16.4,385.2,1
1952-08-04,9.1,43.3,-59.03,-147.81,Arctic,9.39,76.8,1
2000-09-18,9.0,10.5,-15.61,-107.13,Southern,26.38,298.9,1
1986-09-24,8.3,32.8,-15.51,164.8,Arctic,4.92,143.8,1
1909-07-10,7.5,7.9,-6.11,143.01,Indian,16.8,303.1,1
1955-12-07,7.8,28.9,7.17,-26.27,Indian,8.13,111.7,1
2009-10-01,9.1,22.6,-49.88,-60.03,Indian,17.72,378.6,1
1933-03-31,9.0,17.1,-5.61,36.29,Arctic,2.14,216.4,1
2022-09-16,9.1,24.1,-55.86,-68.38,Atlantic,29.18,356.8,1
1974-11-15,8.6,9.4,81.07,34.56,Pacific,21.82,82.9,1
1938-08-11,7.5,15.5,-42.05,-99.32,Indian,29.46,56.8,1
1916-04-29,7.1,49.2,15.28,-75.2,Pacific,11.31,252.1,1
1979-06-22,8.6,49.2,28.28,84.39,Atlantic,10.98,133.2,1
1976-06-25,8.5,21.3,37.39,-164.35,Pacific,19.98,18.1,1
2004-03-18,8.6,24.1,41.81,141.68,Atlantic,24.67,237.2,1
1948-07-19,8.7,10.9,47.12,-8.66,Atlantic,6.99,239.5,1
1989-03-26,9.0,34.0,-50.7,74.09,Atlantic,20.36,190.5,1
1989-10-30,8.6,30.6,51.79,-22.09,Atlantic,7.87,173.2,1
2010-06-02,7.4,48.9,20.79,76.54,Indian,4.99,432.9,1
1998-10-23,8.1,13.0,-31.28,158.22,Atlantic,25.58,135.7,1
2012-03-05,7.0,6.1,16.75,175.89,Arctic,19.09,364.8,1
1921-01-19,8.2,16.6,85.55,75.97,Pacific,10.87,479.4,1
1911-02-03,7.5,2.3,22.12,68.82,Pacific,6.28,363.5,1
1972-02-11,7.4,3.5,-46.37,-131.77,Arctic,18.91,426.6,1
2015-01-05,8.2,23.9,-77.6,-82.19,Indian,4.7,297.0,1
1935-07-09,9.0,15.4,68.14,-133.39,Southern,9.72,187.9,1
2013-03-04,8.4,7.5,43.88,-159.52,Indian,29.34,255.4,1
1989-03-25,8.4,15.2,15.04,-33.99,Southern,2.5,134.1,1
1987-05-02,8.7,1.5,-35.76,71.34,Atlantic,2.56,324.1,1
2007-01-09,8.0,15.1,-61.96,24.85,Indian,4.34,50.2,1
1910-02-25,7.1,2.8,28.21,-61.53,Southern,1.26,202.6,1
1905-07-17,7.7,11.9,20.27,-159.19,Indian,12.66,88.0,1
1973-08-15,7.5,17.8,59.99,-35.84,Arctic,20.54,456.7,1
1963-10-15,8.4,19.4,42.64,-81.91,Indian,9.53,430.1,1
1935-11-10,8.8,9.7,-38.34,114.17,Southern,8.26,257.2,1
1994-09-02,7.3,15.6,23.71,-94.64,Atlantic,3.68,236.0,1
1977-05-13,7.3,35.1,-21.66,49.66,Southern,12.09,394.8,1
1990-04-24,8.1,1.6,-87.92,157.04,Arctic,26.46,111.3,1
2014-06-10,7.2,15.1,29.32,122.13,Pacific,8.36,480.8,1
1947-06-15,8.5,23.1,66.75,144.39,Indian,5.28,432.8,1
1916-07-15,7.2,34.7,15.43,-18.9,Indian,6.36,1.8,1
1904-03-03,8.7,49.0,-25.53,-59.99,Atlantic,23.53,450.3,1
2020-10-25,7.7,39.5,54.48,-129.66,Pacific,19.52,484.4,1
1906-12-11,8.6,46.9,20.29,-160.15,Arctic,9.02,39.4,1
2019-11-19,8.4,48.8,51.47,4.01,Indian,22.71,490.0,1
1997-01-16,8.7,38.7,-34.39,-146.14,Pacific,16.9,299.1,1
1948-05-19,8.2,21.5,56.98,-78.94,Indian,7.53,431.6,1
1930-01-31,7.3,40.9,-48.33,58.65,Southern,18.86,188.4,1
1935-06-10,8.7,39.0,51.37,140.45,Arctic,11.4,264.2,1
1955-01-25,8.6,45.3,-31.96,-97.98,Arctic,29.97,136.4,1
2005-07-29,8.1,20.7,18.77,44.23,Indian,26.62,94.4,1
1981-08-27,9.2,3.8,53.81,-83.69,Arctic,4.57,132.9,1
2010-10-28,7.5,24.6,-34.84,14.74,Southern,21.09,419.9,1
1936-05-21,9.2,44.6,-40.16,89.65,Arctic,14.53,488.4,1
2010-03-05,7.1,33.8,19.64,130.95,Atlantic,25.89,195.4,1
1990-08-25,7.3,25.6,50.51,166.71,Southern,19.74,231.6,1
1930-04-16,8.6,37.3,46.79,-29.03,Arctic,1.49,272.6,1
1958-09-14,9.3,45.0,84.33,-53.39,Atlantic,26.21,106.0,1
2000-07-22,8.7,21.9,16.19,137.54,Atlantic,12.02,478.6,1
1921-04-29,7.3,30.8,64.88,1.49,Pacific,23.54,9.8,1
1905-02-09,7.6,40.0,32.78,27.95,Indian,24.68,37.3,1
1981-11-04,8.4,38.8,29.09,-32.79,Indian,9.66,476.7,1
1948-06-08,7.4,19.9,54.63,-7.38,Southern,20.53,454.0,1
2004-06-16,8.7,24.0,42.9,-85.1,Arctic,9.01,256.4,1
1960-03-29,8.9,7.0,87.4,66.33,Indian,2.97,338.0,1
1956-06-20,8.7,2.9,-12.67,-125.02,Indian,26.04,236.7,1
1959-03-09,7.2,46.4,-46.69,-69.84,Indian,3.86,220.6,1
1941-11-08,9.5,31.0,62.81,-62.36,Atlantic,2.34,105.9,1
1958-02-23,7.2,27.1,58.53,-55.48,Southern,11.05,482.7,1
1936-02-08,8.9,28.5,34.0,-153.5,Arctic,2.03,325.6,1
1937-03-18,9.3,9.4,-3.7,-97.42,Atlantic,12.36,32.3,1
1981-01-20,9.4,3.3,-78.22,12.17,Atlantic,14.17,167.4,1
1902-12-07,7.1,1.4,30.27,-68.98,Arctic,17.51,58.6,1
1926-01-28,9.4,12.6,69.17,166.17,Southern,7.94,489.8,1
1965-02-09,8.7,29.4,11.28,20.51,Arctic,27.5,184.1,1
1972-10-31,8.8,1.9,-3.6,-159.58,Atlantic,5.82,431.0,1
1994-09-21,8.0,21.5,-43.93,145.42,Southern,22.86,262.1,1
1978-06-24,8.8,12.2,-16.91,175.05,Arctic,2.57,199.3,1
1944-07-20,7.4,17.7,-63.65,1.33,Atlantic,8.47,233.6,1
1996-12-01,8.5,34.9,29.09,110.82,Atlantic,6.85,472.3,1
2002-01-30,7.9,2.6,17.88,-30.21,Atlantic,26.54,408.0,1
2002-05-28,9.2,13.3,69.46,22.9,Southern,21.66,349.6,1
1935-06-12,8.6,42.5,24.97,21.16,Pacific,15.24,155.6,1
1916-03-14,8.5,17.5,-84.27,-13.52,Indian,4.07,467.2,1
1969-07-22,8.1,14.3,43.43,30.18,Southern,1.93,53.8,1
1938-03-08,8.7,15.7,72.54,26.14,Indian,28.13,130.9,1
1939-11-26,8.5,10.6,-74.32,-122.48,Arctic,12.87,237.1,1
1994-05-06,7.3,47.7,-37.67,110.15,Arctic,12.97,372.4,1
1981-01-21,9.0,27.4,-25.82,151.99,Indian,25.99,20.0,1
1938-11-17,9.1,39.4,-86.15,156.39,Arctic,17.66,254.4,1
1922-05-06,9.1,7.8,-48.99,-59.28,Southern,10.57,477.5,1
1956-07-08,9.0,39.6,-78.38,136.93,Arctic,28.75,235.6,1
1911-11-04,7.7,31.7,10.71,-51.69,Arctic,26.37,362.0,1
1981-07-28,9.1,33.4,51.59,115.26,Southern,23.47,358.3,1
1906-02-23,8.7,9.2,76.9,-26.61,Pacific,17.78,446.8,1
1932-05-17,9.0,18.7,15.21,-144.72,Pacific,6.02,240.9,1
1966-11-07,7.6,46.1,58.82,-149.98,Arctic,23.2,220.6,1
1910-07-23,7.5,30.4,-35.96,-16.59,Southern,1.09,447.9,1
1933-01-01,8.1,38.5,3.7,-143.8,Pacific,6.57,97.6,1
1987-04-06,7.1,29.6,-42.88,-166.84,Southern,17.54,387.4,1
1906-03-12,9.1,27.3,15.29,159.9,Pacific,5.76,103.0,1
1931-12-23,7.3,24.5,39.55,122.76,Pacific,6.32,383.9,1
1941-06-14,7.0,33.1,-15.76,103.83,Southern,1.9,347.3,1
1964-06-14,7.9,25.6,-43.04,5.64,Atlantic,19.2,452.2,1
2005-04-27,7.7,43.5,47.68,129.55,Southern,8.96,238.7,1
1937-04-25,8.4,14.9,71.72,9.7,Arctic,22.49,120.1,1
1911-11-16,7.6,19.0,0.28,-151.93,Arctic,6.05,482.0,1
1939-01-13,7.9,22.2,-25.23,-20.7,Atlantic,23.44,246.6,1
1906-06-21,9.5,45.4,-80.63,-70.3,Indian,17.8,2.5,1
1978-07-29,8.9,8.2,79.25,-123.02,Indian,19.37,30.2,1
1902-02-04,7.8,2.8,48.43,-68.55,Indian,20.9,243.0,1
1960-03-01,9.1,33.2,56.36,63.94,Indian,24.17,408.9,1
1964-02-22,9.4,33.5,71.53,-132.27,Indian,10.26,284.8,1
1965-01-26,8.6,27.5,-50.48,-95.32,Southern,29.61,380.9,1
1975-11-13,9.4,33.8,85.03,-61.71,Pacific,12.83,400.9,1
2008-03-31,8.4,19.1,-62.32,-32.78,Southern,18.66,178.1,1
1955-07-26,8.6,6.9,-73.29,-82.82,Arctic,26.76,419.0,1
1961-06-28,7.7,5.3,26.0,46.48,Indian,23.27,233.4,1
1986-05-06,8.0,48.7,67.24,79.09,Atlantic,3.13,249.9,1
1911-07-12,8.1,44.8,68.97,33.68,Indian,18.78,162.0,1
2022-09-11,8.7,34.9,65.04,90.14,Atlantic,20.27,192.8,1
1981-03-13,7.7,46.6,20.72,61.55,Indian,26.73,188.6,1
1960-09-28,8.3,12.4,3.98,-25.29,Atlantic,18.68,406.7,1
1976-04-19,9.1,3.7,5.08,-76.6,Pacific,19.63,298.6,1
1956-02-12,9.3,5.8,-88.77,-12.15,Southern,28.05,223.1,1
1977-03-15,8.9,9.2,48.2,-135.05,Atlantic,10.4,131.9,1
1900-03-13,8.2,7.6,34.33,-149.93,Pacific,15.08,246.4,1
2007-05-04,8.2,43.9,-15.49,-158.6,Atlantic,20.02,206.3,1
1991-04-29,9.2,40.8,48.53,131.59,Southern,13.9,227.5,1
1961-08-21,8.4,7.9,-35.22,-123.61,Indian,13.59,4.4,1
1941-06-06,9.1,38.6,22.17,61.92,Southern,17.89,225.4,1
1931-08-14,7.2,33.4,-65.69,-179.83,Arctic,9.54,480.7,1
1966-04-19,7.4,2.3,-4.95,-21.97,Indian,15.62,266.7,1
1966-09-04,7.9,22.7,37.51,-161.98,Pacific,28.52,352.9,1
1949-02-02,7.3,3.4,42.68,175.14,Pacific,27.86,443.7,1
1937-07-06,7.2,38.8,-5.34,-20.33,Pacific,17.34,403.0,1
2018-02-07,7.7,31.0,-68.54,-171.13,Pacific,28.73,349.7,1
1981-12-25,7.4,23.0,31.58,123.62,Southern,24.65,470.6,1
1950-01-13,8.8,26.1,-0.91,36.92,Pacific,6.12,13.8,1
1960-07-20,8.5,47.2,76.06,106.4,Southern,7.91,23.8,1
2017-05-03,8.9,6.4,-80.72,-63.4,Indian,19.8,109.5,1
1968-08-16,9.4,40.7,-29.47,85.7,Atlantic,23.28,170.2,1
2013-10-28,7.1,25.0,73.73,167.45,Arctic,19.81,343.2,1
1977-02-10,8.8,38.8,-15.03,48.42,Pacific,1.39,309.1,1
2010-12-04,9.1,42.3,30.66,-165.73,Atlantic,14.96,344.6,1
1911-03-16,7.1,27.8,-9.12,91.18,Southern,11.61,70.0,1
1999-03-13,9.2,31.2,-37.64,-173.68,Atlantic,6.98,360.8,1
2015-05-14,9.1,12.1,-87.43,142.38,Southern,21.71,205.6,1
1925-08-25,8.7,3.8,-8.88,136.03,Atlantic,8.2,281.6,1
1930-03-26,9.4,19.5,65.44,107.01,Indian,19.91,468.8,1
1965-12-24,7.1,9.1,75.31,-178.95,Southern,3.15,323.1,1
1927-02-15,8.0,38.9,36.56,53.02,Arctic,24.4,298.2,1
1916-02-06,9.2,25.7,-14.62,-30.38,Pacific,24.93,233.9,1
1948-09-22,7.2,3.6,26.56,-32.77,Pacific,12.08,87.6,1
2004-03-12,8.4,45.2,52.68,142.13,Southern,29.25,291.1,1
1919-05-12,8.8,26.9,-3.56,-112.47,Atlantic,28.07,142.5,1
1946-05-13,8.0,41.9,-39.59,168.71,Indian,11.38,110.9,1
1968-03-24,8.9,10.9,4.02,-158.71,Indian,4.31,422.6,1
2006-05-23,8.0,23.8,58.03,-101.26,Atlantic,28.92,137.5,1
1937-03-27,7.3,1.7,-12.2,-96.34,Pacific,6.23,32.1,1
1995-03-14,7.8,2.8,64.97,-65.2,Arctic,1.3,105.0,1
1977-12-16,9.2,14.8,-76.1,-150.39,Atlantic,9.48,278.1,1
1959-01-03,7.3,10.1,-89.73,-94.26,Southern,1.47,307.0,1
2015-05-30,8.6,38.0,-4.87,115.66,Atlantic,21.7,107.1,1
1958-06-28,7.3,36.3,79.02,-90.0,Indian,6.33,461.6,1
1935-04-20,8.3,28.4,-58.15,-102.88,Arctic,27.89,362.4,1
1940-10-09,8.4,37.9,27.17,-8.99,Indian,26.66,315.3,1
1955-12-20,8.5,28.9,52.71,-129.32,Southern,22.28,367.0,1
1972-02-02,7.6,30.0,-54.02,179.83,Pacific,16.03,383.3,1
1964-08-21,9.4,38.6,22.67,44.46,Indian,23.59,257.6,1
1947-03-03,7.4,34.4,21.4,174.54,Indian,23.68,317.8,1
1984-09-19,7.4,49.9,-48.4,95.17,Pacific,10.64,304.6,1
1919-12-26,9.3,12.8,40.99,-110.23,Arctic,7.26,479.6,1
1907-12-13,9.3,6.7,7.37,-35.98,Pacific,25.35,247.7,1
1965-11-23,7.2,9.7,27.16,27.46,Arctic,4.54,213.1,1
1903-01-19,9.1,21.0,-57.12,154.67,Atlantic,9.6,284.4,1
2002-02-06,8.8,5.8,37.18,95.69,Southern,29.28,304.2,1
2011-06-24,9.5,22.8,-25.73,119.58,Arctic,21.6,197.9,1
1900-07-10,8.7,9.8,-18.98,-157.96,Arctic,24.21,51.8,1
1923-09-01,7.2,10.2,-55.63,5.84,Arctic,7.28,67.3,1
2015-06-19,8.7,32.5,-55.33,112.97,Southern,6.15,176.8,1
2002-03-19,7.2,48.8,-60.27,-92.45,Southern,15.34,185.3,1
1972-04-14,7.2,43.6,-54.14,-100.65,Pacific,23.91,314.6,1
2006-03-31,8.4,9.2,-75.4,30.9,Indian,10.76,398.6,1
1968-07-11,9.1,29.2,-87.47,74.41,Pacific,25.57,241.9,1
1925-07-24,9.0,35.5,-85.26,174.13,Indian,3.45,459.9,1
1957-03-04,8.0,3.9,13.09,-18.27,Arctic,9.79,411.8,1
1949-11-18,7.7,13.2,61.5,-154.36,Arctic,4.75,21.2,1
1981-01-25,9.3,19.4,-10.45,-179.95,Southern,22.43,12.9,1
1959-02-08,9.3,39.8,30.86,-1.61,Indian,19.33,238.1,1
1943-09-30,9.0,24.7,-35.13,128.52,Atlantic,14.89,180.2,1
1984-01-22,8.0,39.3,74.48,-83.45,Indian,11.57,379.5,1
1953-04-16,7.3,13.6,71.86,106.71,Atlantic,11.94,160.7,1
2019-10-14,9.1,11.7,0.19,-101.95,Pacific,14.5,135.2,1
2000-10-22,8.2,43.4,-60.65,71.77,Arctic,5.36,236.4,1
2012-05-07,9.1,9.6,-5.93,174.57,Arctic,16.32,409.5,1
1982-03-17,9.5,33.3,13.6,-86.75,Arctic,9.7,457.6,1
1950-12-02,8.5,17.4,14.24,-139.03,Atlantic,7.96,223.8,1
1947-10-19,7.5,16.1,-20.86,-156.99,Indian,20.18,250.6,1
1936-09-18,7.1,47.8,-88.27,-143.23,Arctic,7.68,255.9,1
1988-03-30,7.2,11.6,61.07,-140.84,Arctic,17.59,432.0,1
1979-09-18,8.9,16.4,-45.33,-40.52,Pacific,9.75,166.1,1
1951-05-23,9.2,37.9,59.9,-103.99,Arctic,9.61,347.7,1
1999-11-16,7.4,36.7,-43.37,145.05,Arctic,5.43,274.2,1
1904-05-11,7.4,12.1,-52.11,-25.19,Indian,10.31,200.2,1
1937-07-02,8.4,17.4,-8.42,169.65,Pacific,7.61,481.4,1
1906-01-22,7.8,35.1,65.94,57.85,Arctic,14.51,3.7,1
1955-09-15,7.9,49.2,-83.7,-172.33,Pacific,20.03,61.7,1
1980-01-09,8.7,33.4,70.42,-151.86,Indian,2.3,301.4,1
1952-06-26,8.5,48.5,56.47,-35.3,Pacific,28.11,394.1,1
1964-06-04,7.5,15.5,61.17,-176.99,Southern,6.32,488.9,1
1942-10-21,8.8,20.1,-11.42,-102.38,Pacific,15.42,438.3,1
1949-10-28,8.1,44.4,41.55,55.95,Indian,28.95,267.5,1
1907-03-30,7.6,24.1,-89.64,-28.2,Arctic,27.58,29.6,1
1971-07-18,7.7,10.6,-61.66,41.53,Southern,11.51,196.2,1
1919-01-23,8.2,1.3,26.99,-144.19,Arctic,20.46,114.3,1
1931-10-07,8.1,14.6,24.31,99.63,Pacific,4.83,69.1,1
1902-10-08,9.3,42.4,13.95,136.94,Atlantic,25.99,342.1,1
1976-07-16,9.5,40.3,47.42,-78.42,Indian,23.95,266.5,1
1969-03-11,8.3,24.9,67.76,-66.58,Indian,16.24,153.1,1
2022-10-06,4.4,520.4,-46.54,132.58,Arctic,0.0,185.5,0
1950-09-14,3.1,581.3,54.19,-153.88,Pacific,0.0,76.6,0
1972-11-22,6.3,472.1,65.92,-60.12,Southern,0.0,741.4,0
2006-12-10,3.1,87.7,35.08,167.14,Southern,0.0,176.2,0
2008-01-05,4.0,630.2,5.5,-130.2,Southern,0.0,510.2,0
2020-05-11,6.2,453.2,63.3,136.94,Pacific,0.0,444.1,0
1946-12-27,4.4,133.5,-30.52,-149.65,Atlantic,0.0,105.2,0
1956-07-09,4.9,362.9,80.32,143.32,Southern,0.0,469.5,0
1905-01-03,3.7,589.3,66.99,-142.21,Arctic,0.0,109.3,0
2019-09-28,3.1,547.4,-3.71,25.77,Pacific,0.0,136.5,0
2019-01-13,3.4,126.0,19.89,-113.43,Pacific,0.0,872.2,0
1948-12-25,5.2,118.2,-7.12,179.84,Indian,0.0,243.9,0
1978-03-10,6.0,425.0,-65.99,61.83,Pacific,0.0,646.2,0
1963-09-23,5.0,454.9,37.61,101.09,Arctic,0.0,562.0,0
1993-03-02,4.6,677.5,19.47,29.03,Arctic,0.0,858.0,0
2001-02-08,4.7,454.2,-67.24,70.0,Arctic,0.0,364.4,0
1937-12-06,5.5,218.5,-83.77,60.01,Atlantic,0.0,918.3,0
1920-11-01,4.4,75.0,-38.13,162.14,Pacific,0.0,858.3,0
1956-08-27,3.2,392.8,-2.94,-102.88,Pacific,0.0,736.2,0
1954-11-20,4.6,497.0,10.2,122.49,Southern,0.0,234.6,0
2009-09-29,5.4,284.2,54.78,-69.35,Pacific,0.0,126.8,0
2015-12-21,3.8,611.8,80.11,-153.29,Atlantic,0.0,158.4,0
1932-12-25,6.4,536.4,-86.61,179.03,Arctic,0.0,949.2,0
1918-04-16,4.6,663.3,-78.2,-137.13,Indian,0.0,286.5,0
1938-03-18,6.1,694.0,-39.81,-11.68,Pacific,0.0,226.7,0
1930-11-03,4.6,438.7,-23.97,-158.6,Pacific,0.0,520.6,0
1913-12-26,3.8,29.1,-12.01,25.39,Southern,0.0,488.9,0
1943-12-11,5.0,645.2,68.94,64.26,Arctic,0.0,286.6,0
2005-08-12,6.3,25.6,-23.3,82.49,Arctic,0.0,188.0,0
1936-07-08,5.2,66.3,72.79,40.61,Southern,0.0,352.7,0
1935-08-04,6.3,240.0,-79.32,40.5,Southern,0.0,397.6,0
1939-06-14,5.2,102.9,-73.45,-98.97,Arctic,0.0,921.4,0
1930-06-11,3.3,224.6,48.56,166.61,Atlantic,0.0,822.3,0
1933-06-16,5.8,367.4,-75.83,-59.15,Indian,0.0,451.0,0
1948-01-07,4.8,310.1,-8.93,25.98,Indian,0.0,619.5,0
1928-02-05,6.1,13.1,-20.66,77.43,Atlantic,0.0,145.9,0
1903-04-13,5.9,626.0,-80.87,134.05,Southern,0.0,253.1,0
1971-09-19,6.3,609.6,72.67,-16.37,Pacific,0.0,427.3,0
1933-01-30,3.5,528.5,47.92,48.23,Indian,0.0,622.6,0
1992-04-30,6.3,379.8,46.46,79.11,Southern,0.0,326.2,0
1963-10-27,3.3,626.9,-11.6,157.84,Arctic,0.0,871.4,0
1945-10-26,5.7,644.1,-47.01,16.11,Pacific,0.0,236.0,0
1901-10-19,5.1,580.2,-0.53,-101.8,Pacific,0.0,557.8,0
2013-12-26,3.7,639.6,5.5,179.64,Pacific,0.0,381.3,0
1928-05-24,4.9,513.1,79.07,-116.83,Atlantic,0.0,946.4,0
1995-10-07,4.9,320.2,-57.65,52.97,Pacific,0.0,250.5,0
1940-01-23,4.6,304.1,-71.56,29.04,Atlantic,0.0,546.5,0
1966-11-01,5.0,660.8,54.53,34.52,Atlantic,0.0,845.8,0
1959-03-17,4.7,292.3,-0.39,-22.03,Southern,0.0,371.0,0
1948-03-17,3.0,13.6,85.93,-75.19,Indian,0.0,222.8,0
1904-02-12,5.9,634.7,-80.84,1.56,Arctic,0.0,910.2,0
1928-10-16,3.6,265.6,80.92,-172.45,Indian,0.0,980.5,0
1912-02-02,4.8,63.2,-43.73,71.56,Pacific,0.0,74.5,0
2000-12-15,5.4,83.7,-32.8,-61.42,Atlantic,0.0,326.2,0
1938-09-13,3.0,41.6,-51.63,106.68,Pacific,0.0,573.6,0
1994-09-28,6.4,390.0,-86.84,81.26,Arctic,0.0,731.6,0
1967-08-25,5.8,20.5,74.19,162.7,Arctic,0.0,235.7,0
2003-05-10,3.7,267.7,81.18,64.94,Arctic,0.0,651.6,0
2007-10-27,6.1,151.4,-2.15,151.07,Atlantic,0.0,363.9,0
1917-01-25,6.1,489.3,22.1,-88.21,Pacific,0.0,52.8,0
1913-01-25,3.9,322.9,-66.07,150.32,Arctic,0.0,729.1,0
1940-09-21,3.2,356.1,-17.73,-118.17,Southern,0.0,903.3,0
1926-06-30,3.4,156.4,-63.52,111.57,Southern,0.0,200.1,0
1973-05-12,3.6,637.7,34.35,-96.76,Arctic,0.0,957.0,0
1973-12-18,6.3,52.3,9.72,-143.8,Southern,0.0,409.9,0
1923-10-23,3.2,682.2,58.99,-39.1,Indian,0.0,700.5,0
1928-01-19,5.2,677.8,-79.88,2.97,Indian,0.0,420.4,0
1933-03-30,6.5,414.4,39.53,-87.07,Indian,0.0,641.9,0
1913-10-13,6.2,514.8,-61.57,93.8,Pacific,0.0,277.5,0
1952-03-10,5.6,259.6,-64.33,-123.55,Arctic,0.0,81.3,0
1967-01-27,5.4,150.8,-37.7,-52.82,Atlantic,0.0,564.5,0
1992-08-29,4.9,597.7,-68.92,-73.33,Arctic,0.0,581.7,0
1963-08-28,4.8,464.6,25.94,9.1,Atlantic,0.0,455.9,0
1938-11-05,6.2,466.4,-48.11,-10.7,Pacific,0.0,674.5,0
1921-01-01,4.3,380.4,33.16,171.71,Pacific,0.0,931.3,0
1964-08-12,3.9,632.7,-18.7,-19.31,Pacific,0.0,897.3,0
1925-10-17,4.7,558.0,37.94,-66.46,Pacific,0.0,358.9,0
1973-07-07,4.7,366.3,80.15,175.4,Pacific,0.0,991.9,0
2004-06-20,5.6,318.1,-45.2,-152.5,Pacific,0.0,423.2,0
1955-06-19,4.9,678.4,-71.16,-72.5,Pacific,0.0,574.0,0
2010-03-21,6.5,501.7,-17.76,-109.23,Atlantic,0.0,171.6,0
1939-04-17,3.6,313.9,-7.19,141.62,Southern,0.0,414.7,0
2014-07-11,6.3,36.0,64.72,165.88,Arctic,0.0,54.6,0
1987-11-09,3.8,143.4,-54.42,136.15,Atlantic,0.0,400.6,0
2000-05-22,3.4,392.5,28.83,-59.02,Southern,0.0,713.7,0
1963-11-17,5.3,679.3,-11.96,-52.58,Indian,0.0,219.9,0
1947-03-20,4.9,685.7,67.93,-93.23,Indian,0.0,550.2,0
1982-01-07,5.2,94.0,-80.99,109.49,Atlantic,0.0,62.2,0
1974-03-14,3.2,10.2,18.18,-164.49,Southern,0.0,157.7,0
1908-07-02,5.2,565.2,70.04,-55.93,Indian,0.0,568.2,0
1932-01-05,3.0,592.4,-63.49,-71.79,Indian,0.0,247.6,0
1962-11-12,3.8,481.8,-51.51,31.19,Atlantic,0.0,71.5,0
2005-11-07,5.4,614.4,-59.7,10.15,Indian,0.0,439.8,0
2014-07-17,6.4,241.9,-32.81,-62.36,Atlantic,0.0,826.5,0
1943-06-10,4.7,511.6,-64.13,-116.42,Indian,0.0,217.8,0
1952-09-05,6.3,377.9,32.05,179.24,Indian,0.0,399.6,0
1900-12-01,4.9,613.6,84.98,147.89,Arctic,0.0,684.8,0
1916-11-21,5.4,55.0,-26.92,-141.06,Southern,0.0,488.8,0
1913-12-19,6.4,435.0,66.45,-73.16,Atlantic,0.0,430.4,0
1993-09-12,6.3,148.1,-0.03,-53.35,Southern,0.0,755.4,0
1910-08-06,3.3,318.5,57.97,90.0,Atlantic,0.0,522.8,0
2014-02-28,3.2,116.7,-55.93,-49.42,Southern,0.0,829.6,0
2003-02-10,5.4,235.5,-57.3,-7.0,Pacific,0.0,579.7,0
1911-09-03,6.3,138.9,12.21,-50.41,Atlantic,0.0,961.9,0
1949-09-13,4.1,64.6,52.93,103.83,Arctic,0.0,753.2,0
1981-08-18,3.9,454.5,33.98,71.33,Atlantic,0.0,133.1,0
1991-12-08,6.2,378.4,36.57,20.71,Arctic,0.0,586.4,0
1914-03-30,5.3,65.1,49.69,4.39,Indian,0.0,982.3,0
1949-09-16,4.1,249.5,-14.17,140.64,Southern,0.0,561.9,0
1924-07-25,5.9,204.0,-76.22,-112.67,Southern,0.0,704.3,0
2019-11-22,5.6,695.9,8.21,114.98,Pacific,0.0,974.7,0
2011-10-18,6.3,87.6,18.58,-162.33,Indian,0.0,336.6,0
1949-07-15,6.3,496.8,-62.16,-151.09,Atlantic,0.0,220.9,0
1927-09-04,3.7,593.9,-79.99,-33.11,Pacific,0.0,672.4,0
1973-10-18,4.3,516.8,-69.43,-74.59,Southern,0.0,150.4,0
1992-10-20,4.8,431.5,-73.93,18.93,Indian,0.0,269.7,0
1916-01-30,4.2,72.6,11.87,-80.12,Southern,0.0,227.1,0
2015-11-11,4.4,272.3,-1.58,108.55,Indian,0.0,125.9,0
1999-01-28,3.6,464.2,22.16,-178.69,Atlantic,0.0,113.1,0
1910-06-20,6.0,373.9,-10.15,-89.05,Arctic,0.0,756.3,0
1905-05-08,6.3,287.4,44.97,114.34,Southern,0.0,284.6,0
1989-08-12,3.5,52.8,43.19,-96.35,Atlantic,0.0,436.2,0
1979-08-30,5.8,581.6,-2.84,-9.23,Atlantic,0.0,261.4,0
2000-03-18,4.1,121.3,-70.77,-53.81,Pacific,0.0,953.6,0
1983-03-17,3.2,295.2,-45.91,137.88,Atlantic,0.0,182.6,0
1937-01-18,6.5,195.4,34.26,-109.11,Pacific,0.0,109.3,0
1965-01-30,4.8,243.0,-60.06,68.26,Indian,0.0,867.2,0
1925-03-08,3.5,500.7,-1.43,101.15,Indian,0.0,635.1,0
1912-02-25,3.6,67.4,-55.4,-111.31,Arctic,0.0,630.5,0
1940-09-29,5.0,574.6,-62.19,0.15,Pacific,0.0,996.0,0
1965-04-16,6.1,688.0,-12.54,-106.26,Southern,0.0,696.2,0
2016-08-09,5.0,508.3,-78.76,52.64,Indian,0.0,108.0,0
1999-04-28,5.4,415.5,-58.01,61.1,Indian,0.0,632.8,0
1954-01-07,5.0,108.4,76.14,73.4,Arctic,0.0,773.7,0
1944-11-13,6.2,515.2,-9.97,-143.85,Indian,0.0,392.1,0
1926-03-19,5.0,72.7,62.01,92.47,Indian,0.0,385.7,0
1958-12-06,5.9,11.5,47.19,-12.11,Arctic,0.0,196.4,0
1909-01-25,5.2,316.1,-29.08,36.39,Pacific,0.0,389.3,0
1994-06-21,4.8,366.0,46.24,122.76,Southern,0.0,230.4,0
1974-01-13,4.9,548.9,89.98,-99.51,Indian,0.0,161.8,0
1916-02-04,5.1,635.0,-20.1,-16.2,Atlantic,0.0,772.2,0
2017-06-03,6.0,91.7,43.83,-134.47,Southern,0.0,802.4,0
1928-12-11,3.5,114.9,6.08,140.83,Pacific,0.0,543.3,0
1960-08-27,4.6,176.4,-40.58,14.83,Southern,0.0,661.6,0
2018-11-01,5.1,335.4,43.29,66.07,Pacific,0.0,429.6,0
1986-07-26,5.9,563.0,8.79,52.22,Pacific,0.0,424.9,0
1928-03-10,4.1,502.6,73.02,162.27,Atlantic,0.0,350.9,0
1959-07-29,6.1,78.8,62.26,-163.58,Arctic,0.0,432.4,0
2022-12-10,5.3,615.9,19.36,-18.44,Arctic,0.0,644.7,0
1959-03-27,5.8,154.7,31.61,161.06,Indian,0.0,919.8,0
1941-09-24,6.2,231.3,-26.68,-160.34,Atlantic,0.0,485.3,0
1942-11-17,5.7,70.4,77.3,36.13,Indian,0.0,847.5,0
2017-09-04,5.1,518.7,43.6,-63.74,Pacific,0.0,918.5,0
1906-06-24,5.1,358.4,-67.2,148.6,Arctic,0.0,636.4,0
1950-03-23,5.6,61.5,-85.01,-172.92,Indian,0.0,311.0,0
1964-03-03,3.6,506.2,72.61,148.34,Arctic,0.0,50.4,0
1904-06-06,5.9,191.3,-17.62,-167.93,Pacific,0.0,60.1,0
1982-06-06,3.0,449.1,11.18,-93.87,Pacific,0.0,213.0,0
1917-11-28,4.3,109.2,83.53,-1.81,Pacific,0.0,307.6,0
1989-10-25,5.1,27.9,56.69,8.36,Atlantic,0.0,958.0,0
1988-06-16,4.0,264.8,-70.47,-58.75,Atlantic,0.0,331.7,0
2010-06-25,6.3,277.8,-53.63,-121.27,Pacific,0.0,233.6,0
1984-02-01,3.6,429.5,-53.2,-176.01,Atlantic,0.0,478.3,0
2023-02-03,4.8,251.4,-51.66,-112.18,Atlantic,0.0,871.0,0
1949-05-19,5.1,456.2,22.95,1.68,Arctic,0.0,912.1,0
1961-06-07,4.9,84.7,-14.07,-175.79,Southern,0.0,781.5,0
2017-11-26,5.2,431.7,-17.44,150.79,Pacific,0.0,668.6,0
1959-09-14,4.8,371.5,31.1,-26.9,Pacific,0.0,116.9,0
1971-10-31,4.6,229.0,-14.87,100.16,Indian,0.0,245.2,0
1993-06-20,4.5,59.7,8.29,-128.71,Southern,0.0,957.2,0
1950-07-14,6.4,494.7,-27.97,-44.01,Atlantic,0.0,114.4,0
2017-02-27,5.7,594.6,-59.8,74.97,Atlantic,0.0,806.7,0
1916-07-13,4.3,92.7,78.33,-179.51,Arctic,0.0,993.4,0
1918-09-18,3.5,65.2,-87.76,17.18,Southern,0.0,406.0,0
1992-12-09,3.3,69.9,-47.3,43.89,Southern,0.0,894.1,0
1945-06-18,3.1,319.5,8.23,108.76,Indian,0.0,658.7,0
1977-11-04,4.8,678.9,76.95,-94.24,Southern,0.0,504.9,0
1912-09-16,5.9,178.1,15.3,118.95,Indian,0.0,800.6,0
1940-05-14,4.5,187.5,55.13,35.25,Arctic,0.0,370.4,0
1985-03-26,3.1,486.1,57.72,-22.07,Southern,0.0,591.8,0
1941-10-08,6.1,22.7,74.63,142.98,Atlantic,0.0,840.6,0
1912-11-02,6.3,294.6,74.41,-102.06,Southern,0.0,561.3,0
1908-09-02,5.0,70.8,-6.0,-42.59,Arctic,0.0,311.7,0
1977-03-08,3.2,482.3,-16.25,-134.23,Southern,0.0,716.8,0
1909-12-27,4.2,232.0,70.56,43.09,Southern,0.0,822.0,0
1981-09-15,4.3,631.1,11.42,59.46,Atlantic,0.0,808.3,0
1934-04-03,5.2,159.7,-33.81,138.67,Atlantic,0.0,140.4,0
1924-06-16,4.2,466.4,-22.69,-61.36,Atlantic,0.0,429.5,0
1915-09-10,3.4,262.5,-53.7,110.86,Arctic,0.0,658.6,0
1932-11-16,4.5,401.2,-31.57,-106.72,Indian,0.0,518.0,0
1960-09-26,4.3,322.7,-43.72,-17.89,Indian,0.0,271.0,0
1909-01-20,5.9,101.6,27.5,142.25,Southern,0.0,314.6,0
2006-12-13,6.2,639.1,-29.55,136.53,Indian,0.0,164.6,0
1954-03-01,5.0,410.5,-44.64,-118.16,Arctic,0.0,476.4,0
1927-08-16,5.4,521.3,35.51,72.5,Atlantic,0.0,689.2,0
1918-11-14,4.2,47.8,-31.96,16.08,Atlantic,0.0,908.6,0
1913-11-24,5.8,30.5,-4.54,-44.84,Arctic,0.0,993.8,0
1970-12-30,6.1,116.9,-24.83,-79.5,Pacific,0.0,86.7,0
1900-07-07,4.6,506.0,-67.25,-126.81,Atlantic,0.0,571.8,0
1944-01-05,3.3,184.4,-18.9,4.28,Pacific,0.0,322.8,0
1921-07-17,4.6,450.6,-18.95,-81.21,Southern,0.0,975.2,0
1945-03-05,4.7,237.1,-49.53,-52.26,Southern,0.0,950.5,0
1925-05-27,4.0,364.2,64.44,69.25,Indian,0.0,662.1,0
1983-02-05,3.9,541.6,-44.66,60.45,Southern,0.0,499.6,0
1936-11-09,3.8,448.5,-68.21,-11.98,Atlantic,0.0,311.1,0
1903-03-26,6.5,153.2,-12.5,-68.39,Atlantic,0.0,647.4,0
1945-05-27,5.9,56.6,79.44,89.08,Arctic,0.0,445.2,0
2011-02-03,3.1,311.5,-40.95,2.22,Indian,0.0,469.2,0
1924-10-16,5.8,73.6,43.2,-172.63,Arctic,0.0,894.7,0
1920-01-22,3.4,97.2,-25.06,-65.17,Atlantic,0.0,270.8,0
1992-01-17,3.9,592.7,-64.72,-91.34,Southern,0.0,684.3,0
1959-01-16,3.7,581.7,27.93,-161.23,Indian,0.0,469.1,0
1915-03-02,3.9,553.9,-88.29,153.09,Pacific,0.0,564.8,0
1977-04-20,5.8,175.9,14.63,-73.19,Southern,0.0,767.6,0
1949-04-04,4.0,357.9,42.24,-19.83,Southern,0.0,67.2,0
1926-12-30,3.8,241.1,25.56,0.88,Atlantic,0.0,51.8,0
1939-07-10,3.1,632.3,57.06,-33.6,Pacific,0.0,338.8,0
2021-11-20,5.5,361.3,-63.04,-95.45,Indian,0.0,484.1,0
1947-11-09,5.8,280.7,-70.65,-125.48,Indian,0.0,542.5,0
1925-06-03,5.4,135.8,-3.8,20.22,Indian,0.0,127.0,0
2016-08-03,5.9,170.5,8.75,109.71,Pacific,0.0,856.4,0
1966-07-10,5.5,520.3,-70.49,37.72,Arctic,0.0,462.5,0
1942-02-26,3.6,289.3,-67.48,60.35,Arctic,0.0,520.0,0
2007-07-27,5.5,284.8,-61.92,158.97,Arctic,0.0,747.7,0
1947-11-04,6.2,405.2,26.13,-130.86,Arctic,0.0,671.6,0
1918-03-12,3.4,521.8,15.94,83.18,Atlantic,0.0,386.5,0
1918-01-29,6.3,623.5,-89.9,-176.04,Southern,0.0,924.6,0
1979-02-01,4.9,337.0,-7.96,105.28,Pacific,0.0,503.4,0
1986-03-26,5.5,600.0,71.37,45.8,Southern,0.0,695.5,0
1945-09-08,3.2,336.0,76.14,98.57,Southern,0.0,145.9,0
1970-10-03,5.6,277.8,-34.51,69.2,Pacific,0.0,455.8,0
1942-04-17,6.1,557.8,-47.16,-169.98,Atlantic,0.0,844.4,0
1942-03-20,5.3,261.5,-15.77,128.28,Pacific,0.0,483.7,0
1963-05-03,6.4,91.3,42.57,162.09,Atlantic,0.0,822.9,0
1923-10-19,5.8,381.2,-55.03,-95.17,Atlantic,0.0,543.0,0
1992-06-02,3.5,54.6,87.09,150.9,Arctic,0.0,898.2,0
1923-08-13,4.2,651.7,72.05,-87.72,Pacific,0.0,409.6,0
1900-07-22,6.3,556.0,-17.21,69.6,Southern,0.0,915.6,0
1950-10-20,4.6,425.9,0.81,168.59,Atlantic,0.0,400.0,0
1907-12-15,3.3,498.1,-13.39,139.47,Arctic,0.0,524.2,0
1960-09-10,5.0,265.2,35.27,-75.11,Arctic,0.0,989.2,0
1965-07-02,6.2,602.4,4.14,81.84,Pacific,0.0,142.5,0
1969-05-24,5.9,620.9,-11.33,-112.49,Pacific,0.0,822.9,0
1958-10-24,6.0,236.2,-26.12,92.29,Arctic,0.0,841.0,0
1988-05-20,5.9,414.5,0.05,172.37,Pacific,0.0,588.2,0
2014-02-10,4.4,137.1,-85.02,-106.74,Pacific,0.0,142.8,0
1908-04-25,4.6,49.8,0.17,72.84,Indian,0.0,845.1,0
1982-12-13,4.8,269.8,57.58,-13.05,Southern,0.0,638.1,0
1931-12-30,3.3,245.7,56.15,-167.87,Southern,0.0,743.3,0
1951-03-31,5.8,277.2,-52.17,113.52,Pacific,0.0,484.4,0
1972-02-05,3.9,205.1,18.34,101.88,Arctic,0.0,261.7,0
1937-05-20,4.1,51.2,-31.97,-47.12,Indian,0.0,456.0,0
1988-06-27,3.5,247.3,15.41,-82.82,Arctic,0.0,459.6,0
1993-01-08,4.5,96.4,24.93,46.61,Atlantic,0.0,628.7,0
1954-02-25,4.2,82.6,85.52,99.64,Southern,0.0,727.6,0
1941-12-02,4.0,68.2,-73.01,-147.22,Atlantic,0.0,533.3,0
1939-05-05,4.7,638.8,82.71,-69.37,Arctic,0.0,226.1,0
1995-12-02,5.8,687.9,3.15,162.73,Indian,0.0,248.4,0
1979-06-30,3.3,101.8,54.68,131.91,Atlantic,0.0,875.0,0
1939-08-25,4.4,96.5,69.95,24.91,Southern,0.0,964.2,0
1935-04-24,3.3,244.9,48.31,80.52,Arctic,0.0,803.7,0
1952-01-13,4.1,154.0,-61.8,104.55,Atlantic,0.0,632.3,0
1952-03-28,3.7,273.7,66.14,130.66,Arctic,0.0,559.9,0
1935-01-15,3.1,540.3,-26.95,-5.12,Pacific,0.0,291.8,0
1988-10-16,6.1,613.3,88.5,-93.98,Southern,0.0,226.9,0
2006-10-06,5.1,532.8,-71.66,-6.64,Pacific,0.0,664.2,0
1919-10-15,4.5,214.1,78.19,1.18,Pacific,0.0,217.9,0
1990-10-20,6.3,118.5,88.57,25.04,Arctic,0.0,585.5,0
1918-12-12,3.8,178.9,-88.78,142.92,Southern,0.0,134.3,0
1952-09-26,3.1,601.5,34.72,76.9,Pacific,0.0,747.2,0
1924-11-24,5.0,116.1,30.99,71.73,Indian,0.0,725.6,0
1959-11-01,6.2,291.3,52.38,-151.17,Pacific,0.0,966.2,0
1952-06-29,3.7,480.1,-83.02,174.4,Southern,0.0,403.4,0
1978-09-21,4.1,540.7,-53.64,-58.52,Pacific,0.0,429.5,0
1921-01-15,5.9,463.1,14.84,-164.26,Southern,0.0,286.0,0
2002-12-12,5.6,290.4,-40.93,40.21,Atlantic,0.0,317.3,0
2013-10-20,4.4,237.8,-19.14,16.27,Atlantic,0.0,718.1,0
1928-05-30,5.0,491.7,-18.35,-55.62,Atlantic,0.0,367.8,0
2010-03-17,5.8,326.2,-66.47,-176.77,Indian,0.0,697.4,0
1948-06-11,3.2,686.2,-84.59,-3.01,Indian,0.0,653.4,0
1940-12-07,5.7,93.6,-28.85,106.91,Arctic,0.0,680.8,0
1966-06-03,4.8,101.8,-11.17,95.55,Arctic,0.0,152.5,0
2017-10-30,4.0,380.5,10.69,172.16,Indian,0.0,903.2,0
1982-07-21,4.7,496.3,-78.34,94.7,Pacific,0.0,157.5,0
1990-11-04,6.2,481.1,0.62,-110.48,Southern,0.0,633.7,0
1947-04-29,5.7,38.3,-87.4,40.16,Indian,0.0,145.1,0
1929-12-18,5.0,692.8,-42.38,6.15,Arctic,0.0,63.5,0
1963-12-03,3.3,118.5,6.02,-128.76,Indian,0.0,152.2,0
1995-10-20,5.3,438.4,87.06,68.51,Atlantic,0.0,950.5,0
2012-12-06,3.9,22.0,-51.27,178.65,Indian,0.0,473.7,0
1955-09-21,5.5,480.0,88.76,135.25,Indian,0.0,457.4,0
1952-01-18,5.0,479.9,-67.44,19.54,Atlantic,0.0,847.4,0
1955-11-18,4.6,540.3,20.86,14.28,Indian,0.0,559.2,0
1927-01-08,4.8,537.4,-79.26,-61.65,Southern,0.0,900.0,0
2001-07-25,3.7,456.5,6.47,71.24,Pacific,0.0,240.5,0
1989-11-23,4.4,292.5,44.21,70.24,Southern,0.0,755.2,0
2018-06-11,6.5,490.0,63.87,-29.7,Pacific,0.0,928.7,0
1987-03-28,5.2,195.3,20.47,-32.98,Pacific,0.0,823.4,0
1980-01-19,4.6,251.2,-69.65,-94.6,Pacific,0.0,189.6,0
1914-05-30,6.2,123.7,11.84,-113.6,Pacific,0.0,952.2,0
